[
	{
		"NAME":"Bluffdale",
		"COUNTY":["None", "Salt Lake"],
		"CITY":["None", "Bluffdale", "Bountiful", "Centerville", "Clearfield", "Clinton", "Copperton", "Cottonwood Heights", "Draper", "Emigration Canyon", "Farmington", "Farr West", "Fruit Heights", "Harrisville", "Herriman", "Holladay", "Hooper", "Kaysville", "Kearns Township", "Layton", "Magna Township", "Marriott-Slaterville", "Midvale", "Millcreek", "Murray", "North Ogden", "North Salt Lake", "Ogden", "Plain City", "Pleasant View", "Riverdale", "Riverton", "Roy", "Salt Lake City", "Sandy", "South Jordan", "South Ogden", "South Salt Lake", "South Weber", "Sunset", "Syracuse", "Taylorsville", "Uintah", "Washington Terrace", "West Bountiful", "West Haven", "West Jordan", "West Point", "West Valley City", "White City Township", "Woods Cross"],
		"CENTER":["None", "Independence", "Marketview Center"]
	},
	{
		"NAME":"Bountiful",
		"COUNTY":["None", "Davis"],
		"CITY":["None", "Bluffdale", "Bountiful", "Centerville", "Clearfield", "Clinton", "Copperton", "Cottonwood Heights", "Draper", "Emigration Canyon", "Farmington", "Farr West", "Fruit Heights", "Harrisville", "Herriman", "Holladay", "Hooper", "Kaysville", "Kearns Township", "Layton", "Magna Township", "Marriott-Slaterville", "Midvale", "Millcreek", "Murray", "North Ogden", "North Salt Lake", "Ogden", "Plain City", "Pleasant View", "Riverdale", "Riverton", "Roy", "Salt Lake City", "Sandy", "South Jordan", "South Ogden", "South Salt Lake", "South Weber", "Sunset", "Syracuse", "Taylorsville", "Uintah", "Washington Terrace", "West Bountiful", "West Haven", "West Jordan", "West Point", "West Valley City", "White City Township", "Woods Cross"],
		"CENTER":["None", "2600 South Center", "Bountiful 200 West", "Bountiful 500 South", "Bountiful Downtown", "Gateway Crossing", "Orchard Drive 2200 South", "Pages Lane Center", "Renaissance Towne Center"]
	},
	{
		"NAME":"Centerville",
		"COUNTY":["None", "Davis"],
		"CITY":["None", "Bluffdale", "Bountiful", "Centerville", "Clearfield", "Clinton", "Copperton", "Cottonwood Heights", "Draper", "Emigration Canyon", "Farmington", "Farr West", "Fruit Heights", "Harrisville", "Herriman", "Holladay", "Hooper", "Kaysville", "Kearns Township", "Layton", "Magna Township", "Marriott-Slaterville", "Midvale", "Millcreek", "Murray", "North Ogden", "North Salt Lake", "Ogden", "Plain City", "Pleasant View", "Riverdale", "Riverton", "Roy", "Salt Lake City", "Sandy", "South Jordan", "South Ogden", "South Salt Lake", "South Weber", "Sunset", "Syracuse", "Taylorsville", "Uintah", "Washington Terrace", "West Bountiful", "West Haven", "West Jordan", "West Point", "West Valley City", "White City Township", "Woods Cross"],
		"CENTER":["None", "Centerville Downtown", "Legacy Crossing", "Pages Lane Center"]
	},
	{
		"NAME":"Clearfield",
		"COUNTY":["None", "Davis"],
		"CITY":["None", "Bluffdale", "Bountiful", "Centerville", "Clearfield", "Clinton", "Copperton", "Cottonwood Heights", "Draper", "Emigration Canyon", "Farmington", "Farr West", "Fruit Heights", "Harrisville", "Herriman", "Holladay", "Hooper", "Kaysville", "Kearns Township", "Layton", "Magna Township", "Marriott-Slaterville", "Midvale", "Millcreek", "Murray", "North Ogden", "North Salt Lake", "Ogden", "Plain City", "Pleasant View", "Riverdale", "Riverton", "Roy", "Salt Lake City", "Sandy", "South Jordan", "South Ogden", "South Salt Lake", "South Weber", "Sunset", "Syracuse", "Taylorsville", "Uintah", "Washington Terrace", "West Bountiful", "West Haven", "West Jordan", "West Point", "West Valley City", "White City Township", "Woods Cross"],
		"CENTER":["None", "Downtown Clearfield", "East Antelope Center", "Freeport Center", "Weber State University Davis"]
	},
	{
		"NAME":"Clinton",
		"COUNTY":["None", "Davis"],
		"CITY":["None", "Bluffdale", "Bountiful", "Centerville", "Clearfield", "Clinton", "Copperton", "Cottonwood Heights", "Draper", "Emigration Canyon", "Farmington", "Farr West", "Fruit Heights", "Harrisville", "Herriman", "Holladay", "Hooper", "Kaysville", "Kearns Township", "Layton", "Magna Township", "Marriott-Slaterville", "Midvale", "Millcreek", "Murray", "North Ogden", "North Salt Lake", "Ogden", "Plain City", "Pleasant View", "Riverdale", "Riverton", "Roy", "Salt Lake City", "Sandy", "South Jordan", "South Ogden", "South Salt Lake", "South Weber", "Sunset", "Syracuse", "Taylorsville", "Uintah", "Washington Terrace", "West Bountiful", "West Haven", "West Jordan", "West Point", "West Valley City", "White City Township", "Woods Cross"],
		"CENTER":["None", "Clinton Town Center"]
	},
	{
		"NAME":"Copperton",
		"COUNTY":["None", "Salt Lake"],
		"CITY":["None", "Bluffdale", "Bountiful", "Centerville", "Clearfield", "Clinton", "Copperton", "Cottonwood Heights", "Draper", "Emigration Canyon", "Farmington", "Farr West", "Fruit Heights", "Harrisville", "Herriman", "Holladay", "Hooper", "Kaysville", "Kearns Township", "Layton", "Magna Township", "Marriott-Slaterville", "Midvale", "Millcreek", "Murray", "North Ogden", "North Salt Lake", "Ogden", "Plain City", "Pleasant View", "Riverdale", "Riverton", "Roy", "Salt Lake City", "Sandy", "South Jordan", "South Ogden", "South Salt Lake", "South Weber", "Sunset", "Syracuse", "Taylorsville", "Uintah", "Washington Terrace", "West Bountiful", "West Haven", "West Jordan", "West Point", "West Valley City", "White City Township", "Woods Cross"],
		"CENTER":["None", "Copperton Community Center"]
	},
	{
		"NAME":"Cottonwood Heights",
		"COUNTY":["None", "Salt Lake"],
		"CITY":["None", "Bluffdale", "Bountiful", "Centerville", "Clearfield", "Clinton", "Copperton", "Cottonwood Heights", "Draper", "Emigration Canyon", "Farmington", "Farr West", "Fruit Heights", "Harrisville", "Herriman", "Holladay", "Hooper", "Kaysville", "Kearns Township", "Layton", "Magna Township", "Marriott-Slaterville", "Midvale", "Millcreek", "Murray", "North Ogden", "North Salt Lake", "Ogden", "Plain City", "Pleasant View", "Riverdale", "Riverton", "Roy", "Salt Lake City", "Sandy", "South Jordan", "South Ogden", "South Salt Lake", "South Weber", "Sunset", "Syracuse", "Taylorsville", "Uintah", "Washington Terrace", "West Bountiful", "West Haven", "West Jordan", "West Point", "West Valley City", "White City Township", "Woods Cross"],
		"CENTER":["None", "Cottonwood Heights Fort Union", "Fort Union Canyon Center", "Union Park"]
	},
	{
		"NAME":"Draper",
		"COUNTY":["None", "Salt Lake"],
		"CITY":["None", "Bluffdale", "Bountiful", "Centerville", "Clearfield", "Clinton", "Copperton", "Cottonwood Heights", "Draper", "Emigration Canyon", "Farmington", "Farr West", "Fruit Heights", "Harrisville", "Herriman", "Holladay", "Hooper", "Kaysville", "Kearns Township", "Layton", "Magna Township", "Marriott-Slaterville", "Midvale", "Millcreek", "Murray", "North Ogden", "North Salt Lake", "Ogden", "Plain City", "Pleasant View", "Riverdale", "Riverton", "Roy", "Salt Lake City", "Sandy", "South Jordan", "South Ogden", "South Salt Lake", "South Weber", "Sunset", "Syracuse", "Taylorsville", "Uintah", "Washington Terrace", "West Bountiful", "West Haven", "West Jordan", "West Point", "West Valley City", "White City Township", "Woods Cross"],
		"CENTER":["None", "Draper City Center", "Draper Kimballs Lane Station", "Highline", "Lone Peak Parkway Employment Center", "Vista Station"]
	},
	{
		"NAME":"Emigration Canyon",
		"COUNTY":["None", "Salt Lake"],
		"CITY":["None", "Bluffdale", "Bountiful", "Centerville", "Clearfield", "Clinton", "Copperton", "Cottonwood Heights", "Draper", "Emigration Canyon", "Farmington", "Farr West", "Fruit Heights", "Harrisville", "Herriman", "Holladay", "Hooper", "Kaysville", "Kearns Township", "Layton", "Magna Township", "Marriott-Slaterville", "Midvale", "Millcreek", "Murray", "North Ogden", "North Salt Lake", "Ogden", "Plain City", "Pleasant View", "Riverdale", "Riverton", "Roy", "Salt Lake City", "Sandy", "South Jordan", "South Ogden", "South Salt Lake", "South Weber", "Sunset", "Syracuse", "Taylorsville", "Uintah", "Washington Terrace", "West Bountiful", "West Haven", "West Jordan", "West Point", "West Valley City", "White City Township", "Woods Cross"],
		"CENTER":["None"]
	},
	{
		"NAME":"Farmington",
		"COUNTY":["None", "Davis"],
		"CITY":["None", "Bluffdale", "Bountiful", "Centerville", "Clearfield", "Clinton", "Copperton", "Cottonwood Heights", "Draper", "Emigration Canyon", "Farmington", "Farr West", "Fruit Heights", "Harrisville", "Herriman", "Holladay", "Hooper", "Kaysville", "Kearns Township", "Layton", "Magna Township", "Marriott-Slaterville", "Midvale", "Millcreek", "Murray", "North Ogden", "North Salt Lake", "Ogden", "Plain City", "Pleasant View", "Riverdale", "Riverton", "Roy", "Salt Lake City", "Sandy", "South Jordan", "South Ogden", "South Salt Lake", "South Weber", "Sunset", "Syracuse", "Taylorsville", "Uintah", "Washington Terrace", "West Bountiful", "West Haven", "West Jordan", "West Point", "West Valley City", "White City Township", "Woods Cross"],
		"CENTER":["None", "Courthouse Downtown", "North Station", "Station Park"]
	},
	{
		"NAME":"Farr West",
		"COUNTY":["None", "Weber"],
		"CITY":["None", "Bluffdale", "Bountiful", "Centerville", "Clearfield", "Clinton", "Copperton", "Cottonwood Heights", "Draper", "Emigration Canyon", "Farmington", "Farr West", "Fruit Heights", "Harrisville", "Herriman", "Holladay", "Hooper", "Kaysville", "Kearns Township", "Layton", "Magna Township", "Marriott-Slaterville", "Midvale", "Millcreek", "Murray", "North Ogden", "North Salt Lake", "Ogden", "Plain City", "Pleasant View", "Riverdale", "Riverton", "Roy", "Salt Lake City", "Sandy", "South Jordan", "South Ogden", "South Salt Lake", "South Weber", "Sunset", "Syracuse", "Taylorsville", "Uintah", "Washington Terrace", "West Bountiful", "West Haven", "West Jordan", "West Point", "West Valley City", "White City Township", "Woods Cross"],
		"CENTER":["None", "Farr West 2700 North", "Marriott-Slaterville Employment District", "Pleasant View Employment Center"]
	},
	{
		"NAME":"Fruit Heights",
		"COUNTY":["None", "Davis"],
		"CITY":["None", "Bluffdale", "Bountiful", "Centerville", "Clearfield", "Clinton", "Copperton", "Cottonwood Heights", "Draper", "Emigration Canyon", "Farmington", "Farr West", "Fruit Heights", "Harrisville", "Herriman", "Holladay", "Hooper", "Kaysville", "Kearns Township", "Layton", "Magna Township", "Marriott-Slaterville", "Midvale", "Millcreek", "Murray", "North Ogden", "North Salt Lake", "Ogden", "Plain City", "Pleasant View", "Riverdale", "Riverton", "Roy", "Salt Lake City", "Sandy", "South Jordan", "South Ogden", "South Salt Lake", "South Weber", "Sunset", "Syracuse", "Taylorsville", "Uintah", "Washington Terrace", "West Bountiful", "West Haven", "West Jordan", "West Point", "West Valley City", "White City Township", "Woods Cross"],
		"CENTER":["None"]
	},
	{
		"NAME":"Harrisville",
		"COUNTY":["None", "Weber"],
		"CITY":["None", "Bluffdale", "Bountiful", "Centerville", "Clearfield", "Clinton", "Copperton", "Cottonwood Heights", "Draper", "Emigration Canyon", "Farmington", "Farr West", "Fruit Heights", "Harrisville", "Herriman", "Holladay", "Hooper", "Kaysville", "Kearns Township", "Layton", "Magna Township", "Marriott-Slaterville", "Midvale", "Millcreek", "Murray", "North Ogden", "North Salt Lake", "Ogden", "Plain City", "Pleasant View", "Riverdale", "Riverton", "Roy", "Salt Lake City", "Sandy", "South Jordan", "South Ogden", "South Salt Lake", "South Weber", "Sunset", "Syracuse", "Taylorsville", "Uintah", "Washington Terrace", "West Bountiful", "West Haven", "West Jordan", "West Point", "West Valley City", "White City Township", "Woods Cross"],
		"CENTER":["None", "Five Points", "Harrisville US 89", "North Ogden Southtown", "Pleasant View 2700 North"]
	},
	{
		"NAME":"Herriman",
		"COUNTY":["None", "Salt Lake"],
		"CITY":["None", "Bluffdale", "Bountiful", "Centerville", "Clearfield", "Clinton", "Copperton", "Cottonwood Heights", "Draper", "Emigration Canyon", "Farmington", "Farr West", "Fruit Heights", "Harrisville", "Herriman", "Holladay", "Hooper", "Kaysville", "Kearns Township", "Layton", "Magna Township", "Marriott-Slaterville", "Midvale", "Millcreek", "Murray", "North Ogden", "North Salt Lake", "Ogden", "Plain City", "Pleasant View", "Riverdale", "Riverton", "Roy", "Salt Lake City", "Sandy", "South Jordan", "South Ogden", "South Salt Lake", "South Weber", "Sunset", "Syracuse", "Taylorsville", "Uintah", "Washington Terrace", "West Bountiful", "West Haven", "West Jordan", "West Point", "West Valley City", "White City Township", "Woods Cross"],
		"CENTER":["None", "12600 South Mountain View Corridor", "Herriman Porter Rockwell Center", "Herriman Town Center"]
	},
	{
		"NAME":"Holladay",
		"COUNTY":["None", "Salt Lake"],
		"CITY":["None", "Bluffdale", "Bountiful", "Centerville", "Clearfield", "Clinton", "Copperton", "Cottonwood Heights", "Draper", "Emigration Canyon", "Farmington", "Farr West", "Fruit Heights", "Harrisville", "Herriman", "Holladay", "Hooper", "Kaysville", "Kearns Township", "Layton", "Magna Township", "Marriott-Slaterville", "Midvale", "Millcreek", "Murray", "North Ogden", "North Salt Lake", "Ogden", "Plain City", "Pleasant View", "Riverdale", "Riverton", "Roy", "Salt Lake City", "Sandy", "South Jordan", "South Ogden", "South Salt Lake", "South Weber", "Sunset", "Syracuse", "Taylorsville", "Uintah", "Washington Terrace", "West Bountiful", "West Haven", "West Jordan", "West Point", "West Valley City", "White City Township", "Woods Cross"],
		"CENTER":["None", "Holladay City Center"]
	},
	{
		"NAME":"Hooper",
		"COUNTY":["None", "Davis", "Weber"],
		"CITY":["None", "Bluffdale", "Bountiful", "Centerville", "Clearfield", "Clinton", "Copperton", "Cottonwood Heights", "Draper", "Emigration Canyon", "Farmington", "Farr West", "Fruit Heights", "Harrisville", "Herriman", "Holladay", "Hooper", "Kaysville", "Kearns Township", "Layton", "Magna Township", "Marriott-Slaterville", "Midvale", "Millcreek", "Murray", "North Ogden", "North Salt Lake", "Ogden", "Plain City", "Pleasant View", "Riverdale", "Riverton", "Roy", "Salt Lake City", "Sandy", "South Jordan", "South Ogden", "South Salt Lake", "South Weber", "Sunset", "Syracuse", "Taylorsville", "Uintah", "Washington Terrace", "West Bountiful", "West Haven", "West Jordan", "West Point", "West Valley City", "White City Township", "Woods Cross"],
		"CENTER":["None"]
	},
	{
		"NAME":"Kaysville",
		"COUNTY":["None", "Davis"],
		"CITY":["None", "Bluffdale", "Bountiful", "Centerville", "Clearfield", "Clinton", "Copperton", "Cottonwood Heights", "Draper", "Emigration Canyon", "Farmington", "Farr West", "Fruit Heights", "Harrisville", "Herriman", "Holladay", "Hooper", "Kaysville", "Kearns Township", "Layton", "Magna Township", "Marriott-Slaterville", "Midvale", "Millcreek", "Murray", "North Ogden", "North Salt Lake", "Ogden", "Plain City", "Pleasant View", "Riverdale", "Riverton", "Roy", "Salt Lake City", "Sandy", "South Jordan", "South Ogden", "South Salt Lake", "South Weber", "Sunset", "Syracuse", "Taylorsville", "Uintah", "Washington Terrace", "West Bountiful", "West Haven", "West Jordan", "West Point", "West Valley City", "White City Township", "Woods Cross"],
		"CENTER":["None", "Downtown Kaysville", "Kaysville Business Park", "North Station"]
	},
	{
		"NAME":"Kearns Township",
		"COUNTY":["None", "Salt Lake"],
		"CITY":["None", "Bluffdale", "Bountiful", "Centerville", "Clearfield", "Clinton", "Copperton", "Cottonwood Heights", "Draper", "Emigration Canyon", "Farmington", "Farr West", "Fruit Heights", "Harrisville", "Herriman", "Holladay", "Hooper", "Kaysville", "Kearns Township", "Layton", "Magna Township", "Marriott-Slaterville", "Midvale", "Millcreek", "Murray", "North Ogden", "North Salt Lake", "Ogden", "Plain City", "Pleasant View", "Riverdale", "Riverton", "Roy", "Salt Lake City", "Sandy", "South Jordan", "South Ogden", "South Salt Lake", "South Weber", "Sunset", "Syracuse", "Taylorsville", "Uintah", "Washington Terrace", "West Bountiful", "West Haven", "West Jordan", "West Point", "West Valley City", "White City Township", "Woods Cross"],
		"CENTER":["None"]
	},
	{
		"NAME":"Layton",
		"COUNTY":["None", "Davis"],
		"CITY":["None", "Bluffdale", "Bountiful", "Centerville", "Clearfield", "Clinton", "Copperton", "Cottonwood Heights", "Draper", "Emigration Canyon", "Farmington", "Farr West", "Fruit Heights", "Harrisville", "Herriman", "Holladay", "Hooper", "Kaysville", "Kearns Township", "Layton", "Magna Township", "Marriott-Slaterville", "Midvale", "Millcreek", "Murray", "North Ogden", "North Salt Lake", "Ogden", "Plain City", "Pleasant View", "Riverdale", "Riverton", "Roy", "Salt Lake City", "Sandy", "South Jordan", "South Ogden", "South Salt Lake", "South Weber", "Sunset", "Syracuse", "Taylorsville", "Uintah", "Washington Terrace", "West Bountiful", "West Haven", "West Jordan", "West Point", "West Valley City", "White City Township", "Woods Cross"],
		"CENTER":["None", "Antelope & Main Town Center", "Church & Hwy 193 Town Center", "East Gate Business Center", "Gentile & Fairfield Town Center", "Gordon & Fairfield Town Center", "Layton Downtown", "Layton Industrial Center", "Layton Midtown", "Weber State University Davis"]
	},
	{
		"NAME":"Magna Township",
		"COUNTY":["None", "Salt Lake"],
		"CITY":["None", "Bluffdale", "Bountiful", "Centerville", "Clearfield", "Clinton", "Copperton", "Cottonwood Heights", "Draper", "Emigration Canyon", "Farmington", "Farr West", "Fruit Heights", "Harrisville", "Herriman", "Holladay", "Hooper", "Kaysville", "Kearns Township", "Layton", "Magna Township", "Marriott-Slaterville", "Midvale", "Millcreek", "Murray", "North Ogden", "North Salt Lake", "Ogden", "Plain City", "Pleasant View", "Riverdale", "Riverton", "Roy", "Salt Lake City", "Sandy", "South Jordan", "South Ogden", "South Salt Lake", "South Weber", "Sunset", "Syracuse", "Taylorsville", "Uintah", "Washington Terrace", "West Bountiful", "West Haven", "West Jordan", "West Point", "West Valley City", "White City Township", "Woods Cross"],
		"CENTER":["None", "Historic Magna Main Street", "Pleasant Green"]
	},
	{
		"NAME":"Marriott-Slaterville",
		"COUNTY":["None", "Weber"],
		"CITY":["None", "Bluffdale", "Bountiful", "Centerville", "Clearfield", "Clinton", "Copperton", "Cottonwood Heights", "Draper", "Emigration Canyon", "Farmington", "Farr West", "Fruit Heights", "Harrisville", "Herriman", "Holladay", "Hooper", "Kaysville", "Kearns Township", "Layton", "Magna Township", "Marriott-Slaterville", "Midvale", "Millcreek", "Murray", "North Ogden", "North Salt Lake", "Ogden", "Plain City", "Pleasant View", "Riverdale", "Riverton", "Roy", "Salt Lake City", "Sandy", "South Jordan", "South Ogden", "South Salt Lake", "South Weber", "Sunset", "Syracuse", "Taylorsville", "Uintah", "Washington Terrace", "West Bountiful", "West Haven", "West Jordan", "West Point", "West Valley City", "White City Township", "Woods Cross"],
		"CENTER":["None", "Marriott-Slaterville Employment District", "West 12th Street"]
	},
	{
		"NAME":"Midvale",
		"COUNTY":["None", "Salt Lake"],
		"CITY":["None", "Bluffdale", "Bountiful", "Centerville", "Clearfield", "Clinton", "Copperton", "Cottonwood Heights", "Draper", "Emigration Canyon", "Farmington", "Farr West", "Fruit Heights", "Harrisville", "Herriman", "Holladay", "Hooper", "Kaysville", "Kearns Township", "Layton", "Magna Township", "Marriott-Slaterville", "Midvale", "Millcreek", "Murray", "North Ogden", "North Salt Lake", "Ogden", "Plain City", "Pleasant View", "Riverdale", "Riverton", "Roy", "Salt Lake City", "Sandy", "South Jordan", "South Ogden", "South Salt Lake", "South Weber", "Sunset", "Syracuse", "Taylorsville", "Uintah", "Washington Terrace", "West Bountiful", "West Haven", "West Jordan", "West Point", "West Valley City", "White City Township", "Woods Cross"],
		"CENTER":["None", "Bingham Junction", "Jordan Bluffs", "Midvale Center Station", "Midvale Fort Union Station", "Midvale Main Street", "Union Park"]
	},
	{
		"NAME":"Millcreek",
		"COUNTY":["None", "Salt Lake"],
		"CITY":["None", "Bluffdale", "Bountiful", "Centerville", "Clearfield", "Clinton", "Copperton", "Cottonwood Heights", "Draper", "Emigration Canyon", "Farmington", "Farr West", "Fruit Heights", "Harrisville", "Herriman", "Holladay", "Hooper", "Kaysville", "Kearns Township", "Layton", "Magna Township", "Marriott-Slaterville", "Midvale", "Millcreek", "Murray", "North Ogden", "North Salt Lake", "Ogden", "Plain City", "Pleasant View", "Riverdale", "Riverton", "Roy", "Salt Lake City", "Sandy", "South Jordan", "South Ogden", "South Salt Lake", "South Weber", "Sunset", "Syracuse", "Taylorsville", "Uintah", "Washington Terrace", "West Bountiful", "West Haven", "West Jordan", "West Point", "West Valley City", "White City Township", "Woods Cross"],
		"CENTER":["None", "2300 East 3300 South", "Cottonwood Village", "Meadowbrook Station", "Millcreek City Center"]
	},
	{
		"NAME":"Murray",
		"COUNTY":["None", "Salt Lake"],
		"CITY":["None", "Bluffdale", "Bountiful", "Centerville", "Clearfield", "Clinton", "Copperton", "Cottonwood Heights", "Draper", "Emigration Canyon", "Farmington", "Farr West", "Fruit Heights", "Harrisville", "Herriman", "Holladay", "Hooper", "Kaysville", "Kearns Township", "Layton", "Magna Township", "Marriott-Slaterville", "Midvale", "Millcreek", "Murray", "North Ogden", "North Salt Lake", "Ogden", "Plain City", "Pleasant View", "Riverdale", "Riverton", "Roy", "Salt Lake City", "Sandy", "South Jordan", "South Ogden", "South Salt Lake", "South Weber", "Sunset", "Syracuse", "Taylorsville", "Uintah", "Washington Terrace", "West Bountiful", "West Haven", "West Jordan", "West Point", "West Valley City", "White City Township", "Woods Cross"],
		"CENTER":["None", "Fashion Place West", "Fireclay Center", "Ivy Place Center", "Murray Downtown", "Murray Industrial District", "Murray Medical Park", "Oakwood Village Center"]
	},
	{
		"NAME":"North Ogden",
		"COUNTY":["None", "Weber"],
		"CITY":["None", "Bluffdale", "Bountiful", "Centerville", "Clearfield", "Clinton", "Copperton", "Cottonwood Heights", "Draper", "Emigration Canyon", "Farmington", "Farr West", "Fruit Heights", "Harrisville", "Herriman", "Holladay", "Hooper", "Kaysville", "Kearns Township", "Layton", "Magna Township", "Marriott-Slaterville", "Midvale", "Millcreek", "Murray", "North Ogden", "North Salt Lake", "Ogden", "Plain City", "Pleasant View", "Riverdale", "Riverton", "Roy", "Salt Lake City", "Sandy", "South Jordan", "South Ogden", "South Salt Lake", "South Weber", "Sunset", "Syracuse", "Taylorsville", "Uintah", "Washington Terrace", "West Bountiful", "West Haven", "West Jordan", "West Point", "West Valley City", "White City Township", "Woods Cross"],
		"CENTER":["None", "North Ogden Downtown", "North Ogden Southtown"]
	},
	{
		"NAME":"North Salt Lake",
		"COUNTY":["None", "Davis"],
		"CITY":["None", "Bluffdale", "Bountiful", "Centerville", "Clearfield", "Clinton", "Copperton", "Cottonwood Heights", "Draper", "Emigration Canyon", "Farmington", "Farr West", "Fruit Heights", "Harrisville", "Herriman", "Holladay", "Hooper", "Kaysville", "Kearns Township", "Layton", "Magna Township", "Marriott-Slaterville", "Midvale", "Millcreek", "Murray", "North Ogden", "North Salt Lake", "Ogden", "Plain City", "Pleasant View", "Riverdale", "Riverton", "Roy", "Salt Lake City", "Sandy", "South Jordan", "South Ogden", "South Salt Lake", "South Weber", "Sunset", "Syracuse", "Taylorsville", "Uintah", "Washington Terrace", "West Bountiful", "West Haven", "West Jordan", "West Point", "West Valley City", "White City Township", "Woods Cross"],
		"CENTER":["None", "2600 South Center", "Foxboro", "North Salt Lake / Woods Cross Industrial District", "North Salt Lake Town Center"]
	},
	{
		"NAME":"Ogden",
		"COUNTY":["None", "Weber"],
		"CITY":["None", "Bluffdale", "Bountiful", "Centerville", "Clearfield", "Clinton", "Copperton", "Cottonwood Heights", "Draper", "Emigration Canyon", "Farmington", "Farr West", "Fruit Heights", "Harrisville", "Herriman", "Holladay", "Hooper", "Kaysville", "Kearns Township", "Layton", "Magna Township", "Marriott-Slaterville", "Midvale", "Millcreek", "Murray", "North Ogden", "North Salt Lake", "Ogden", "Plain City", "Pleasant View", "Riverdale", "Riverton", "Roy", "Salt Lake City", "Sandy", "South Jordan", "South Ogden", "South Salt Lake", "South Weber", "Sunset", "Syracuse", "Taylorsville", "Uintah", "Washington Terrace", "West Bountiful", "West Haven", "West Jordan", "West Point", "West Valley City", "White City Township", "Woods Cross"],
		"CENTER":["None", "Business Depot Ogden", "Five Points", "Newgate Center", "Ogden 12th Street", "Ogden Airport Industrial District", "Ogden Downtown", "Ogden Harrison Boulevard North", "Ogden Harrison Boulevard South", "Weber State University", "West Ogden Center"]
	},
	{
		"NAME":"Plain City",
		"COUNTY":["None", "Weber"],
		"CITY":["None", "Bluffdale", "Bountiful", "Centerville", "Clearfield", "Clinton", "Copperton", "Cottonwood Heights", "Draper", "Emigration Canyon", "Farmington", "Farr West", "Fruit Heights", "Harrisville", "Herriman", "Holladay", "Hooper", "Kaysville", "Kearns Township", "Layton", "Magna Township", "Marriott-Slaterville", "Midvale", "Millcreek", "Murray", "North Ogden", "North Salt Lake", "Ogden", "Plain City", "Pleasant View", "Riverdale", "Riverton", "Roy", "Salt Lake City", "Sandy", "South Jordan", "South Ogden", "South Salt Lake", "South Weber", "Sunset", "Syracuse", "Taylorsville", "Uintah", "Washington Terrace", "West Bountiful", "West Haven", "West Jordan", "West Point", "West Valley City", "White City Township", "Woods Cross"],
		"CENTER":["None", "Plain City Gateway", "Wheeler Village"]
	},
	{
		"NAME":"Pleasant View",
		"COUNTY":["None", "Weber"],
		"CITY":["None", "Bluffdale", "Bountiful", "Centerville", "Clearfield", "Clinton", "Copperton", "Cottonwood Heights", "Draper", "Emigration Canyon", "Farmington", "Farr West", "Fruit Heights", "Harrisville", "Herriman", "Holladay", "Hooper", "Kaysville", "Kearns Township", "Layton", "Magna Township", "Marriott-Slaterville", "Midvale", "Millcreek", "Murray", "North Ogden", "North Salt Lake", "Ogden", "Plain City", "Pleasant View", "Riverdale", "Riverton", "Roy", "Salt Lake City", "Sandy", "South Jordan", "South Ogden", "South Salt Lake", "South Weber", "Sunset", "Syracuse", "Taylorsville", "Uintah", "Washington Terrace", "West Bountiful", "West Haven", "West Jordan", "West Point", "West Valley City", "White City Township", "Woods Cross"],
		"CENTER":["None", "Pleasant View 2700 North", "Pleasant View Employment Center"]
	},
	{
		"NAME":"Riverdale",
		"COUNTY":["None", "Weber"],
		"CITY":["None", "Bluffdale", "Bountiful", "Centerville", "Clearfield", "Clinton", "Copperton", "Cottonwood Heights", "Draper", "Emigration Canyon", "Farmington", "Farr West", "Fruit Heights", "Harrisville", "Herriman", "Holladay", "Hooper", "Kaysville", "Kearns Township", "Layton", "Magna Township", "Marriott-Slaterville", "Midvale", "Millcreek", "Murray", "North Ogden", "North Salt Lake", "Ogden", "Plain City", "Pleasant View", "Riverdale", "Riverton", "Roy", "Salt Lake City", "Sandy", "South Jordan", "South Ogden", "South Salt Lake", "South Weber", "Sunset", "Syracuse", "Taylorsville", "Uintah", "Washington Terrace", "West Bountiful", "West Haven", "West Jordan", "West Point", "West Valley City", "White City Township", "Woods Cross"],
		"CENTER":["None", "Newgate Center", "Riverdale City Center", "Roy Downtown", "West Riverdale Center"]
	},
	{
		"NAME":"Riverton",
		"COUNTY":["None", "Salt Lake"],
		"CITY":["None", "Bluffdale", "Bountiful", "Centerville", "Clearfield", "Clinton", "Copperton", "Cottonwood Heights", "Draper", "Emigration Canyon", "Farmington", "Farr West", "Fruit Heights", "Harrisville", "Herriman", "Holladay", "Hooper", "Kaysville", "Kearns Township", "Layton", "Magna Township", "Marriott-Slaterville", "Midvale", "Millcreek", "Murray", "North Ogden", "North Salt Lake", "Ogden", "Plain City", "Pleasant View", "Riverdale", "Riverton", "Roy", "Salt Lake City", "Sandy", "South Jordan", "South Ogden", "South Salt Lake", "South Weber", "Sunset", "Syracuse", "Taylorsville", "Uintah", "Washington Terrace", "West Bountiful", "West Haven", "West Jordan", "West Point", "West Valley City", "White City Township", "Woods Cross"],
		"CENTER":["None", "Downtown Riverton", "Mountain View Village"]
	},
	{
		"NAME":"Roy",
		"COUNTY":["None", "Davis", "Weber"],
		"CITY":["None", "Bluffdale", "Bountiful", "Centerville", "Clearfield", "Clinton", "Copperton", "Cottonwood Heights", "Draper", "Emigration Canyon", "Farmington", "Farr West", "Fruit Heights", "Harrisville", "Herriman", "Holladay", "Hooper", "Kaysville", "Kearns Township", "Layton", "Magna Township", "Marriott-Slaterville", "Midvale", "Millcreek", "Murray", "North Ogden", "North Salt Lake", "Ogden", "Plain City", "Pleasant View", "Riverdale", "Riverton", "Roy", "Salt Lake City", "Sandy", "South Jordan", "South Ogden", "South Salt Lake", "South Weber", "Sunset", "Syracuse", "Taylorsville", "Uintah", "Washington Terrace", "West Bountiful", "West Haven", "West Jordan", "West Point", "West Valley City", "White City Township", "Woods Cross"],
		"CENTER":["None", "Roy Downtown", "Roy Station", "West Haven Midland Drive"]
	},
	{
		"NAME":"Salt Lake City",
		"COUNTY":["None", "Salt Lake"],
		"CITY":["None", "Bluffdale", "Bountiful", "Centerville", "Clearfield", "Clinton", "Copperton", "Cottonwood Heights", "Draper", "Emigration Canyon", "Farmington", "Farr West", "Fruit Heights", "Harrisville", "Herriman", "Holladay", "Hooper", "Kaysville", "Kearns Township", "Layton", "Magna Township", "Marriott-Slaterville", "Midvale", "Millcreek", "Murray", "North Ogden", "North Salt Lake", "Ogden", "Plain City", "Pleasant View", "Riverdale", "Riverton", "Roy", "Salt Lake City", "Sandy", "South Jordan", "South Ogden", "South Salt Lake", "South Weber", "Sunset", "Syracuse", "Taylorsville", "Uintah", "Washington Terrace", "West Bountiful", "West Haven", "West Jordan", "West Point", "West Valley City", "White City Township", "Woods Cross"],
		"CENTER":["None", "21st and 21st", "900 East Station", "9th and 9th Center", "Ballpark", "Glendale Center", "Granary District", "Marmalade", "North Temple Center", "Research Park", "Rose Park Center", "Salt Lake 15th and 15th", "Salt Lake 900 West", "Salt Lake City CBD", "Salt Lake City East Downtown", "Salt Lake City Northwest Quadrant", "Sugarhouse", "University Gardens", "University of Utah", "Westpointe Center"]
	},
	{
		"NAME":"Sandy",
		"COUNTY":["None", "Salt Lake"],
		"CITY":["None", "Bluffdale", "Bountiful", "Centerville", "Clearfield", "Clinton", "Copperton", "Cottonwood Heights", "Draper", "Emigration Canyon", "Farmington", "Farr West", "Fruit Heights", "Harrisville", "Herriman", "Holladay", "Hooper", "Kaysville", "Kearns Township", "Layton", "Magna Township", "Marriott-Slaterville", "Midvale", "Millcreek", "Murray", "North Ogden", "North Salt Lake", "Ogden", "Plain City", "Pleasant View", "Riverdale", "Riverton", "Roy", "Salt Lake City", "Sandy", "South Jordan", "South Ogden", "South Salt Lake", "South Weber", "Sunset", "Syracuse", "Taylorsville", "Uintah", "Washington Terrace", "West Bountiful", "West Haven", "West Jordan", "West Point", "West Valley City", "White City Township", "Woods Cross"],
		"CENTER":["None", "7th Street Sandy Point", "Historic Sandy Station", "Quarry Bend Center", "Sandy Union Park", "Sandy Village Center", "The Cairns"]
	},
	{
		"NAME":"South Jordan",
		"COUNTY":["None", "Salt Lake"],
		"CITY":["None", "Bluffdale", "Bountiful", "Centerville", "Clearfield", "Clinton", "Copperton", "Cottonwood Heights", "Draper", "Emigration Canyon", "Farmington", "Farr West", "Fruit Heights", "Harrisville", "Herriman", "Holladay", "Hooper", "Kaysville", "Kearns Township", "Layton", "Magna Township", "Marriott-Slaterville", "Midvale", "Millcreek", "Murray", "North Ogden", "North Salt Lake", "Ogden", "Plain City", "Pleasant View", "Riverdale", "Riverton", "Roy", "Salt Lake City", "Sandy", "South Jordan", "South Ogden", "South Salt Lake", "South Weber", "Sunset", "Syracuse", "Taylorsville", "Uintah", "Washington Terrace", "West Bountiful", "West Haven", "West Jordan", "West Point", "West Valley City", "White City Township", "Woods Cross"],
		"CENTER":["None", "Daybreak", "North Shore", "River Park", "SoDa Row", "South Jordan Gateway", "South Jordan Towne Center", "The District"]
	},
	{
		"NAME":"South Ogden",
		"COUNTY":["None", "Weber"],
		"CITY":["None", "Bluffdale", "Bountiful", "Centerville", "Clearfield", "Clinton", "Copperton", "Cottonwood Heights", "Draper", "Emigration Canyon", "Farmington", "Farr West", "Fruit Heights", "Harrisville", "Herriman", "Holladay", "Hooper", "Kaysville", "Kearns Township", "Layton", "Magna Township", "Marriott-Slaterville", "Midvale", "Millcreek", "Murray", "North Ogden", "North Salt Lake", "Ogden", "Plain City", "Pleasant View", "Riverdale", "Riverton", "Roy", "Salt Lake City", "Sandy", "South Jordan", "South Ogden", "South Salt Lake", "South Weber", "Sunset", "Syracuse", "Taylorsville", "Uintah", "Washington Terrace", "West Bountiful", "West Haven", "West Jordan", "West Point", "West Valley City", "White City Township", "Woods Cross"],
		"CENTER":["None", "South Ogden City Center", "South Ogden Gateway", "South Ogden US 89"]
	},
	{
		"NAME":"South Salt Lake",
		"COUNTY":["None", "Salt Lake"],
		"CITY":["None", "Bluffdale", "Bountiful", "Centerville", "Clearfield", "Clinton", "Copperton", "Cottonwood Heights", "Draper", "Emigration Canyon", "Farmington", "Farr West", "Fruit Heights", "Harrisville", "Herriman", "Holladay", "Hooper", "Kaysville", "Kearns Township", "Layton", "Magna Township", "Marriott-Slaterville", "Midvale", "Millcreek", "Murray", "North Ogden", "North Salt Lake", "Ogden", "Plain City", "Pleasant View", "Riverdale", "Riverton", "Roy", "Salt Lake City", "Sandy", "South Jordan", "South Ogden", "South Salt Lake", "South Weber", "Sunset", "Syracuse", "Taylorsville", "Uintah", "Washington Terrace", "West Bountiful", "West Haven", "West Jordan", "West Point", "West Valley City", "White City Township", "Woods Cross"],
		"CENTER":["None", "2700 South Station", "Downtown South Salt Lake", "Meadowbrook Station", "Millcreek Station", "S-Line Center", "South Salt Lake State Street"]
	},
	{
		"NAME":"South Weber",
		"COUNTY":["None", "Davis"],
		"CITY":["None", "Bluffdale", "Bountiful", "Centerville", "Clearfield", "Clinton", "Copperton", "Cottonwood Heights", "Draper", "Emigration Canyon", "Farmington", "Farr West", "Fruit Heights", "Harrisville", "Herriman", "Holladay", "Hooper", "Kaysville", "Kearns Township", "Layton", "Magna Township", "Marriott-Slaterville", "Midvale", "Millcreek", "Murray", "North Ogden", "North Salt Lake", "Ogden", "Plain City", "Pleasant View", "Riverdale", "Riverton", "Roy", "Salt Lake City", "Sandy", "South Jordan", "South Ogden", "South Salt Lake", "South Weber", "Sunset", "Syracuse", "Taylorsville", "Uintah", "Washington Terrace", "West Bountiful", "West Haven", "West Jordan", "West Point", "West Valley City", "White City Township", "Woods Cross"],
		"CENTER":["None"]
	},
	{
		"NAME":"Sunset",
		"COUNTY":["None", "Davis"],
		"CITY":["None", "Bluffdale", "Bountiful", "Centerville", "Clearfield", "Clinton", "Copperton", "Cottonwood Heights", "Draper", "Emigration Canyon", "Farmington", "Farr West", "Fruit Heights", "Harrisville", "Herriman", "Holladay", "Hooper", "Kaysville", "Kearns Township", "Layton", "Magna Township", "Marriott-Slaterville", "Midvale", "Millcreek", "Murray", "North Ogden", "North Salt Lake", "Ogden", "Plain City", "Pleasant View", "Riverdale", "Riverton", "Roy", "Salt Lake City", "Sandy", "South Jordan", "South Ogden", "South Salt Lake", "South Weber", "Sunset", "Syracuse", "Taylorsville", "Uintah", "Washington Terrace", "West Bountiful", "West Haven", "West Jordan", "West Point", "West Valley City", "White City Township", "Woods Cross"],
		"CENTER":["None", "Sunset SR 126"]
	},
	{
		"NAME":"Syracuse",
		"COUNTY":["None", "Davis"],
		"CITY":["None", "Bluffdale", "Bountiful", "Centerville", "Clearfield", "Clinton", "Copperton", "Cottonwood Heights", "Draper", "Emigration Canyon", "Farmington", "Farr West", "Fruit Heights", "Harrisville", "Herriman", "Holladay", "Hooper", "Kaysville", "Kearns Township", "Layton", "Magna Township", "Marriott-Slaterville", "Midvale", "Millcreek", "Murray", "North Ogden", "North Salt Lake", "Ogden", "Plain City", "Pleasant View", "Riverdale", "Riverton", "Roy", "Salt Lake City", "Sandy", "South Jordan", "South Ogden", "South Salt Lake", "South Weber", "Sunset", "Syracuse", "Taylorsville", "Uintah", "Washington Terrace", "West Bountiful", "West Haven", "West Jordan", "West Point", "West Valley City", "White City Township", "Woods Cross"],
		"CENTER":["None", "Syracuse City Center", "Syracuse SR 193 Center"]
	},
	{
		"NAME":"Taylorsville",
		"COUNTY":["None", "Salt Lake"],
		"CITY":["None", "Bluffdale", "Bountiful", "Centerville", "Clearfield", "Clinton", "Copperton", "Cottonwood Heights", "Draper", "Emigration Canyon", "Farmington", "Farr West", "Fruit Heights", "Harrisville", "Herriman", "Holladay", "Hooper", "Kaysville", "Kearns Township", "Layton", "Magna Township", "Marriott-Slaterville", "Midvale", "Millcreek", "Murray", "North Ogden", "North Salt Lake", "Ogden", "Plain City", "Pleasant View", "Riverdale", "Riverton", "Roy", "Salt Lake City", "Sandy", "South Jordan", "South Ogden", "South Salt Lake", "South Weber", "Sunset", "Syracuse", "Taylorsville", "Uintah", "Washington Terrace", "West Bountiful", "West Haven", "West Jordan", "West Point", "West Valley City", "White City Township", "Woods Cross"],
		"CENTER":["None", "4800 South Redwood", "5400 South Redwood", "Fore Lakes Center", "Sorenson Research Park", "Taylrosville West Point Center"]
	},
	{
		"NAME":"Uintah",
		"COUNTY":["None", "Weber"],
		"CITY":["None", "Bluffdale", "Bountiful", "Centerville", "Clearfield", "Clinton", "Copperton", "Cottonwood Heights", "Draper", "Emigration Canyon", "Farmington", "Farr West", "Fruit Heights", "Harrisville", "Herriman", "Holladay", "Hooper", "Kaysville", "Kearns Township", "Layton", "Magna Township", "Marriott-Slaterville", "Midvale", "Millcreek", "Murray", "North Ogden", "North Salt Lake", "Ogden", "Plain City", "Pleasant View", "Riverdale", "Riverton", "Roy", "Salt Lake City", "Sandy", "South Jordan", "South Ogden", "South Salt Lake", "South Weber", "Sunset", "Syracuse", "Taylorsville", "Uintah", "Washington Terrace", "West Bountiful", "West Haven", "West Jordan", "West Point", "West Valley City", "White City Township", "Woods Cross"],
		"CENTER":["None"]
	},
	{
		"NAME":"Washington Terrace",
		"COUNTY":["None", "Weber"],
		"CITY":["None", "Bluffdale", "Bountiful", "Centerville", "Clearfield", "Clinton", "Copperton", "Cottonwood Heights", "Draper", "Emigration Canyon", "Farmington", "Farr West", "Fruit Heights", "Harrisville", "Herriman", "Holladay", "Hooper", "Kaysville", "Kearns Township", "Layton", "Magna Township", "Marriott-Slaterville", "Midvale", "Millcreek", "Murray", "North Ogden", "North Salt Lake", "Ogden", "Plain City", "Pleasant View", "Riverdale", "Riverton", "Roy", "Salt Lake City", "Sandy", "South Jordan", "South Ogden", "South Salt Lake", "South Weber", "Sunset", "Syracuse", "Taylorsville", "Uintah", "Washington Terrace", "West Bountiful", "West Haven", "West Jordan", "West Point", "West Valley City", "White City Township", "Woods Cross"],
		"CENTER":["None", "Washington Terrace US 89"]
	},
	{
		"NAME":"West Bountiful",
		"COUNTY":["None", "Davis"],
		"CITY":["None", "Bluffdale", "Bountiful", "Centerville", "Clearfield", "Clinton", "Copperton", "Cottonwood Heights", "Draper", "Emigration Canyon", "Farmington", "Farr West", "Fruit Heights", "Harrisville", "Herriman", "Holladay", "Hooper", "Kaysville", "Kearns Township", "Layton", "Magna Township", "Marriott-Slaterville", "Midvale", "Millcreek", "Murray", "North Ogden", "North Salt Lake", "Ogden", "Plain City", "Pleasant View", "Riverdale", "Riverton", "Roy", "Salt Lake City", "Sandy", "South Jordan", "South Ogden", "South Salt Lake", "South Weber", "Sunset", "Syracuse", "Taylorsville", "Uintah", "Washington Terrace", "West Bountiful", "West Haven", "West Jordan", "West Point", "West Valley City", "White City Township", "Woods Cross"],
		"CENTER":["None", "Gateway Crossing", "West Bountiful Industrial District"]
	},
	{
		"NAME":"West Haven",
		"COUNTY":["None", "Weber"],
		"CITY":["None", "Bluffdale", "Bountiful", "Centerville", "Clearfield", "Clinton", "Copperton", "Cottonwood Heights", "Draper", "Emigration Canyon", "Farmington", "Farr West", "Fruit Heights", "Harrisville", "Herriman", "Holladay", "Hooper", "Kaysville", "Kearns Township", "Layton", "Magna Township", "Marriott-Slaterville", "Midvale", "Millcreek", "Murray", "North Ogden", "North Salt Lake", "Ogden", "Plain City", "Pleasant View", "Riverdale", "Riverton", "Roy", "Salt Lake City", "Sandy", "South Jordan", "South Ogden", "South Salt Lake", "South Weber", "Sunset", "Syracuse", "Taylorsville", "Uintah", "Washington Terrace", "West Bountiful", "West Haven", "West Jordan", "West Point", "West Valley City", "White City Township", "Woods Cross"],
		"CENTER":["None", "Ogden Airport Industrial District", "West Haven City Center", "West Haven Midland Drive"]
	},
	{
		"NAME":"West Jordan",
		"COUNTY":["None", "Salt Lake"],
		"CITY":["None", "Bluffdale", "Bountiful", "Centerville", "Clearfield", "Clinton", "Copperton", "Cottonwood Heights", "Draper", "Emigration Canyon", "Farmington", "Farr West", "Fruit Heights", "Harrisville", "Herriman", "Holladay", "Hooper", "Kaysville", "Kearns Township", "Layton", "Magna Township", "Marriott-Slaterville", "Midvale", "Millcreek", "Murray", "North Ogden", "North Salt Lake", "Ogden", "Plain City", "Pleasant View", "Riverdale", "Riverton", "Roy", "Salt Lake City", "Sandy", "South Jordan", "South Ogden", "South Salt Lake", "South Weber", "Sunset", "Syracuse", "Taylorsville", "Uintah", "Washington Terrace", "West Bountiful", "West Haven", "West Jordan", "West Point", "West Valley City", "White City Township", "Woods Cross"],
		"CENTER":["None", "Gardner Village", "Highlands Loop Center", "Jordan Valley", "West Jordan City Center"]
	},
	{
		"NAME":"West Point",
		"COUNTY":["None", "Davis"],
		"CITY":["None", "Bluffdale", "Bountiful", "Centerville", "Clearfield", "Clinton", "Copperton", "Cottonwood Heights", "Draper", "Emigration Canyon", "Farmington", "Farr West", "Fruit Heights", "Harrisville", "Herriman", "Holladay", "Hooper", "Kaysville", "Kearns Township", "Layton", "Magna Township", "Marriott-Slaterville", "Midvale", "Millcreek", "Murray", "North Ogden", "North Salt Lake", "Ogden", "Plain City", "Pleasant View", "Riverdale", "Riverton", "Roy", "Salt Lake City", "Sandy", "South Jordan", "South Ogden", "South Salt Lake", "South Weber", "Sunset", "Syracuse", "Taylorsville", "Uintah", "Washington Terrace", "West Bountiful", "West Haven", "West Jordan", "West Point", "West Valley City", "White City Township", "Woods Cross"],
		"CENTER":["None", "West Point City Center", "West Point West Davis"]
	},
	{
		"NAME":"West Valley City",
		"COUNTY":["None", "Salt Lake"],
		"CITY":["None", "Bluffdale", "Bountiful", "Centerville", "Clearfield", "Clinton", "Copperton", "Cottonwood Heights", "Draper", "Emigration Canyon", "Farmington", "Farr West", "Fruit Heights", "Harrisville", "Herriman", "Holladay", "Hooper", "Kaysville", "Kearns Township", "Layton", "Magna Township", "Marriott-Slaterville", "Midvale", "Millcreek", "Murray", "North Ogden", "North Salt Lake", "Ogden", "Plain City", "Pleasant View", "Riverdale", "Riverton", "Roy", "Salt Lake City", "Sandy", "South Jordan", "South Ogden", "South Salt Lake", "South Weber", "Sunset", "Syracuse", "Taylorsville", "Uintah", "Washington Terrace", "West Bountiful", "West Haven", "West Jordan", "West Point", "West Valley City", "White City Township", "Woods Cross"],
		"CENTER":["None", "Decker Lake Center", "Fairbourne Station", "Highberry Center", "Hunter Town Center", "Oquirrh View Center", "River Trail Station", "Salt Lake City Northwest Quadrant", "Village Green Center", "West Valley Redwood Center"]
	},
	{
		"NAME":"White City Township",
		"COUNTY":["None", "Salt Lake"],
		"CITY":["None", "Bluffdale", "Bountiful", "Centerville", "Clearfield", "Clinton", "Copperton", "Cottonwood Heights", "Draper", "Emigration Canyon", "Farmington", "Farr West", "Fruit Heights", "Harrisville", "Herriman", "Holladay", "Hooper", "Kaysville", "Kearns Township", "Layton", "Magna Township", "Marriott-Slaterville", "Midvale", "Millcreek", "Murray", "North Ogden", "North Salt Lake", "Ogden", "Plain City", "Pleasant View", "Riverdale", "Riverton", "Roy", "Salt Lake City", "Sandy", "South Jordan", "South Ogden", "South Salt Lake", "South Weber", "Sunset", "Syracuse", "Taylorsville", "Uintah", "Washington Terrace", "West Bountiful", "West Haven", "West Jordan", "West Point", "West Valley City", "White City Township", "Woods Cross"],
		"CENTER":["None"]
	},
	{
		"NAME":"Woods Cross",
		"COUNTY":["None", "Davis"],
		"CITY":["None", "Bluffdale", "Bountiful", "Centerville", "Clearfield", "Clinton", "Copperton", "Cottonwood Heights", "Draper", "Emigration Canyon", "Farmington", "Farr West", "Fruit Heights", "Harrisville", "Herriman", "Holladay", "Hooper", "Kaysville", "Kearns Township", "Layton", "Magna Township", "Marriott-Slaterville", "Midvale", "Millcreek", "Murray", "North Ogden", "North Salt Lake", "Ogden", "Plain City", "Pleasant View", "Riverdale", "Riverton", "Roy", "Salt Lake City", "Sandy", "South Jordan", "South Ogden", "South Salt Lake", "South Weber", "Sunset", "Syracuse", "Taylorsville", "Uintah", "Washington Terrace", "West Bountiful", "West Haven", "West Jordan", "West Point", "West Valley City", "White City Township", "Woods Cross"],
		"CENTER":["None", "Legacy Gateway", "North Salt Lake / Woods Cross Industrial District"]
	}
]
