[
	{
		"NAME":"Davis",
		"COUNTY":["None", "Davis", "Salt Lake", "Weber"],
		"CITY":["None", "Bountiful", "Centerville", "Clearfield", "Clinton", "Farmington", "Fruit Heights", "Hooper", "Kaysville", "Layton", "North Salt Lake", "Roy", "South Weber", "Sunset", "Syracuse", "West Bountiful", "West Point", "Woods Cross"],
		"CENTER":["None", "2600 South Center", "Antelope & Main Town Center", "Bountiful 200 West", "Bountiful 500 South", "Bountiful Downtown", "Centerville Downtown", "Church & Hwy 193 Town Center", "Clinton Town Center", "Courthouse Downtown", "Downtown Clearfield", "Downtown Kaysville", "East Antelope Center", "East Gate Business Center", "Foxboro", "Freeport Center", "Gateway Crossing", "Gentile & Fairfield Town Center", "Gordon & Fairfield Town Center", "Kaysville Business Park", "Layton Downtown", "Layton Industrial Center", "Layton Midtown", "Legacy Crossing", "Legacy Gateway", "North Salt Lake / Woods Cross Industrial District", "North Salt Lake Town Center", "North Station", "Orchard Drive 2200 South", "Pages Lane Center", "Renaissance Towne Center", "Station Park", "Sunset SR 126", "Syracuse City Center", "Syracuse SR 193 Center", "Weber State University Davis", "West Bountiful Industrial District", "West Point City Center", "West Point West Davis"]
	},
	{
		"NAME":"Salt Lake",
		"COUNTY":["None", "Davis", "Salt Lake", "Weber"],
		"CITY":["None", "Bluffdale", "Copperton", "Cottonwood Heights", "Draper", "Emigration Canyon", "Herriman", "Holladay", "Kearns Township", "Magna Township", "Midvale", "Millcreek", "Murray", "Riverton", "Salt Lake City", "Sandy", "South Jordan", "South Salt Lake", "Taylorsville", "West Jordan", "West Valley City", "White City Township"],
		"CENTER":["None", "12600 South Mountain View Corridor", "21st and 21st", "2300 East 3300 South", "2700 South Station", "4800 South Redwood", "5400 South Redwood", "7th Street Sandy Point", "900 East Station", "9th and 9th Center", "Ballpark", "Bingham Junction", "Copperton Community Center", "Cottonwood Heights Fort Union", "Cottonwood Village", "Daybreak", "Decker Lake Center", "Downtown Riverton", "Downtown South Salt Lake", "Draper City Center", "Draper Kimballs Lane Station", "Fairbourne Station", "Fashion Place West", "Fireclay Center", "Fore Lakes Center", "Fort Union Canyon Center", "Gardner Village", "Glendale Center", "Granary District", "Herriman Porter Rockwell Center", "Herriman Town Center", "Highberry Center", "Highlands Loop Center", "Highline", "Historic Magna Main Street", "Historic Sandy Station", "Holladay City Center", "Hunter Town Center", "Independence", "Ivy Place Center", "Jordan Bluffs", "Jordan Valley", "Lone Peak Parkway Employment Center", "Marketview Center", "Marmalade", "Meadowbrook Station", "Midvale Center Station", "Midvale Fort Union Station", "Midvale Main Street", "Millcreek City Center", "Millcreek Station", "Mountain View Village", "Murray Downtown", "Murray Industrial District", "Murray Medical Park", "North Shore", "North Temple Center", "Oakwood Village Center", "Oquirrh View Center", "Pleasant Green", "Quarry Bend Center", "Research Park", "River Park", "River Trail Station", "Rose Park Center", "S-Line Center", "Salt Lake 15th and 15th", "Salt Lake 900 West", "Salt Lake City CBD", "Salt Lake City East Downtown", "Salt Lake City Northwest Quadrant", "Sandy Union Park", "Sandy Village Center", "SoDa Row", "Sorenson Research Park", "South Jordan Gateway", "South Jordan Towne Center", "South Salt Lake State Street", "Sugarhouse", "Taylrosville West Point Center", "The Cairns", "The District", "Union Park", "University Gardens", "University of Utah", "Village Green Center", "Vista Station", "West Jordan City Center", "West Valley Redwood Center", "Westpointe Center"]
	},
	{
		"NAME":"Weber",
		"COUNTY":["None", "Davis", "Salt Lake", "Weber"],
		"CITY":["None", "Farr West", "Harrisville", "Hooper", "Marriott-Slaterville", "North Ogden", "Ogden", "Plain City", "Pleasant View", "Riverdale", "Roy", "South Ogden", "Uintah", "Washington Terrace", "West Haven"],
		"CENTER":["None", "Business Depot Ogden", "Farr West 2700 North", "Five Points", "Harrisville US 89", "Marriott-Slaterville Employment District", "Newgate Center", "North Ogden Downtown", "North Ogden Southtown", "Ogden 12th Street", "Ogden Airport Industrial District", "Ogden Downtown", "Ogden Harrison Boulevard North", "Ogden Harrison Boulevard South", "Plain City Gateway", "Pleasant View 2700 North", "Pleasant View Employment Center", "Riverdale City Center", "Roy Downtown", "Roy Station", "South Ogden City Center", "South Ogden Gateway", "South Ogden US 89", "Washington Terrace US 89", "Weber State University", "West 12th Street", "West Haven City Center", "West Haven Midland Drive", "West Ogden Center", "West Riverdale Center", "West Warren Center", "West Weber", "Wheeler Village"]
	}
]
